category,item,reference_price,calories_str,calorie_min,calorie_max,site_url,official_source,reviewed_date
Combos & Boxes,Discovery Luxe Box™,9.0,1220-1500 Cal,1220.0,1500.0,https://tacobellmenu.org/discovery-luxe-box/,https://www.tacobell.com/food/boxes-and-combos,2026-09-12/13
Combos & Boxes,Cheesy Gordita Crunch Combo,9.99,820-1240 Cal,820.0,1240.0,,https://www.tacobell.com/food/boxes-and-combos,2026-09-12/13
Combos & Boxes,Build Your Own Luxe Cravings Box,7.69,670-2050 Cal,670.0,2050.0,https://tacobellmenu.org/taco-bells-build-your-own-craving-box-menu-option/,https://www.tacobell.com/food/boxes-and-combos,2026-09-12/13
Combos & Boxes,Cantina Chicken Crispy Taco Combo,9.89,860-1280 Cal,860.0,1280.0,https://tacobellmenu.org/taco-bells-cantina-chicken-crispy-taco-meal/,https://www.tacobell.com/food/boxes-and-combos,2026-09-12/13
Combos & Boxes,Cantina Chicken Burrito Combo,11.69,960-1380 Cal,960.0,1380.0,https://tacobellmenu.org/taco-bells-cantina-chicken-burrito-meal/,https://www.tacobell.com/food/boxes-and-combos,2026-09-12/13
Combos & Boxes,Cantina Chicken Rolled Quesadilla Combo,10.69,820-1240 Cal,820.0,1240.0,https://tacobellmenu.org/taco-bells-cantina-chicken-quesadilla-meal/,https://www.tacobell.com/food/boxes-and-combos,2026-09-12/13
Combos & Boxes,Mexican Pizza Combo,11.69,900-1320 Cal,900.0,1320.0,https://tacobellmenu.org/taco-bell-mexican-pizza-combo/,https://www.tacobell.com/food/boxes-and-combos,2026-09-12/13
Combos & Boxes,Chicken Quesadilla Combo,9.29,650-1070 Cal,650.0,1070.0,https://tacobellmenu.org/taco-bell-chicken-quesadilla-combo/,https://www.tacobell.com/food/boxes-and-combos,2026-09-12/13
Combos & Boxes,2 Chicken Chalupas Supreme Combo,11.99,830-1250 Cal,830.0,1250.0,https://tacobellmenu.org/taco-bell-2-chicken-chalupas-supreme-combo/,https://www.tacobell.com/food/boxes-and-combos,2026-09-12/13
Combos & Boxes,Crunchwrap Supreme® Combo,9.29,700-1120 Cal,700.0,1120.0,https://tacobellmenu.org/taco-bell-crunchwrap-supreme-combo/,https://www.tacobell.com/food/boxes-and-combos,2026-09-12/13
Combos & Boxes,3 Crunchy Tacos Combo,8.99,500-920 Cal,500.0,920.0,https://tacobellmenu.org/taco-bell-3-crunchy-tacos-combo/,https://www.tacobell.com/food/boxes-and-combos,2026-09-12/13
Combos & Boxes,3 Crunchy Tacos Supreme® Combo,10.29,560-980 Cal,560.0,980.0,https://tacobellmenu.org/taco-bell-3-crunchy-tacos-supreme-combo/,https://www.tacobell.com/food/boxes-and-combos,2026-09-12/13
Combos & Boxes,3 Doritos® Locos Tacos Combo,10.69,500-920 Cal,500.0,920.0,https://tacobellmenu.org/taco-bell-3-doritos-locos-tacos-combo/,https://www.tacobell.com/food/boxes-and-combos,2026-09-12/13
Combos & Boxes,3 Doritos® Locos Tacos Supreme Combo,11.89,560-980 Cal,560.0,980.0,https://tacobellmenu.org/taco-bell-3-doritos-locos-tacos-supreme-combo/,https://www.tacobell.com/food/boxes-and-combos,2026-09-12/13
Combos & Boxes,Supreme Luxe Box™,7.0,1150-1430 Cal,1150.0,1430.0,https://tacobellmenu.org/supreme-luxe-box/,https://www.tacobell.com/food/boxes-and-combos,2026-09-12/13
Combos & Boxes,Classic Luxe Box™,5.0,820-1100 Cal,820.0,1100.0,https://tacobellmenu.org/classic-luxe-box/,https://www.tacobell.com/food/boxes-and-combos,2026-09-12/13
Tacos,Avocado Ranch Crispy Chicken Soft Taco,2.99,260 Cal,260.0,260.0,,https://www.tacobell.com/food/tacos,2026-09-12/13
Tacos,Steak Fajita Street Chalupas,5.99,720 Cal,720.0,720.0,,https://www.tacobell.com/food/tacos,2026-09-12/13
Tacos,Slow-Roasted Chicken Fajita Street Chalupas,5.99,720 Cal,720.0,720.0,,https://www.tacobell.com/food/tacos,2026-09-12/13
Tacos,Shredded Beef Dipping Taco,4.29,290 Cal,290.0,290.0,,https://www.tacobell.com/food/tacos,2026-09-12/13
Tacos,Cantina Chicken Crispy Taco,3.19,320 Cal,320.0,320.0,https://tacobellmenu.org/taco-bells-cantina-chicken-crispy-taco/,https://www.tacobell.com/food/tacos,2026-09-12/13
Tacos,Cantina Chicken Soft Taco,3.19,260 Cal,260.0,260.0,https://tacobellmenu.org/taco-bells-cantina-chicken-soft-taco/,https://www.tacobell.com/food/tacos,2026-09-12/13
Tacos,Soft Taco,1.99,180 Cal,180.0,180.0,https://tacobellmenu.org/taco-bell-soft-taco/,https://www.tacobell.com/food/tacos,2026-09-12/13
Tacos,Soft Taco Supreme®,2.89,200 Cal,200.0,200.0,https://tacobellmenu.org/taco-bell-soft-taco-supreme/,https://www.tacobell.com/food/tacos,2026-09-12/13
Tacos,Spicy Potato Soft Taco,1.39,240 Cal,240.0,240.0,https://tacobellmenu.org/taco-bells-spicy-potato-soft-taco/,https://www.tacobell.com/food/tacos,2026-09-12/13
Tacos,Crunchy Taco,1.99,170 Cal,170.0,170.0,https://tacobellmenu.org/taco-bell-crunchy-taco/,https://www.tacobell.com/food/tacos,2026-09-12/13
Tacos,Crunchy Taco Supreme®,2.89,190 Cal,190.0,190.0,https://tacobellmenu.org/taco-bell-crunchy-taco-supreme/,https://www.tacobell.com/food/tacos,2026-09-12/13
Tacos,Nacho Cheese Doritos® Locos Tacos,2.89,170 Cal,170.0,170.0,https://tacobellmenu.org/taco-bell-nacho-cheese-doritos-locos-tacos/,https://www.tacobell.com/food/tacos,2026-09-12/13
Tacos,Nacho Cheese Doritos® Locos Tacos Supreme®,3.59,190 Cal,190.0,190.0,https://tacobellmenu.org/taco-bell-nacho-cheese-doritos-locos-tacos-supreme/,https://www.tacobell.com/food/tacos,2026-09-12/13
Tacos,Chalupa Supreme®,5.69,350 Cal,350.0,350.0,https://tacobellmenu.org/taco-bell-chalupa-supreme/,https://www.tacobell.com/food/tacos,2026-09-12/13
Tacos,Black Bean Chalupa Supreme®,5.39,340 Cal,340.0,340.0,https://tacobellmenu.org/taco-bell-black-bean-chalupa-supreme/,https://www.tacobell.com/food/tacos,2026-09-12/13
Tacos,Cheesy Gordita Crunch,5.69,480 Cal,480.0,480.0,https://tacobellmenu.org/taco-bell-cheesy-gordita-crunch/,https://www.tacobell.com/food/tacos,2026-09-12/13
Tacos,Doritos® Cheesy Gordita Crunch - Nacho Cheese,6.19,480 Cal,480.0,480.0,https://tacobellmenu.org/taco-bell-doritos-cheesy-gordita-crunch-nacho-cheese/,https://www.tacobell.com/food/tacos,2026-09-12/13
Specialties,Pepper Jack Steak Nacho Fries,5.99,490 Cal,490.0,490.0,,https://www.tacobell.com/food/specialties,2026-09-12/13
Specialties,Chicken Fajita Nacho Fries,5.99,540 Cal,540.0,540.0,,https://www.tacobell.com/food/specialties,2026-09-12/13
Specialties,Enchirito®,4.29,350 Cal,350.0,350.0,,https://www.tacobell.com/food/specialties,2026-09-12/13
Specialties,Mini Taco Salad,2.49,280 Cal,280.0,280.0,https://tacobellmenu.org/mini-taco-salad/,https://www.tacobell.com/food/specialties,2026-09-12/13
Specialties,Avocado Ranch Chicken Stacker,2.99,350 Cal,350.0,350.0,https://tacobellmenu.org/avocado-ranch-chicken-stacker/,https://www.tacobell.com/food/specialties,2026-09-12/13
Specialties,Large Nacho Fries,3.89,500 Cal,500.0,500.0,https://tacobellmenu.org/taco-bells-large-nacho-fries/,https://www.tacobell.com/food/specialties,2026-09-12/13
Specialties,Nacho Fries,2.89,350 Cal,350.0,350.0,https://tacobellmenu.org/taco-bells-nacho-fries/,https://www.tacobell.com/food/specialties,2026-09-12/13
Specialties,3 Cheese Chicken Flatbread Melt,2.39,320 Cal,320.0,320.0,https://tacobellmenu.org/taco-bell-3-cheese-chicken-flatbread-melt/,https://www.tacobell.com/food/specialties,2026-09-12/13
Specialties,Mexican Pizza,5.69,530 Cal,530.0,530.0,https://tacobellmenu.org/mexican-pizza/,https://www.tacobell.com/food/specialties,2026-09-12/13
Specialties,Veggie Mexican Pizza,5.69,460 Cal,460.0,460.0,https://tacobellmenu.org/veggie-mexican-pizza/,https://www.tacobell.com/food/specialties,2026-09-12/13
Specialties,Crunchwrap Supreme®,6.89,530 Cal,530.0,530.0,https://tacobellmenu.org/crunchwrap-supreme/,https://www.tacobell.com/food/specialties,2026-09-12/13
Specialties,Black Bean Crunchwrap Supreme®,5.99,520 Cal,520.0,520.0,https://tacobellmenu.org/black-bean-crunchwrap-supreme/,https://www.tacobell.com/food/specialties,2026-09-12/13
Specialties,Cheesy Roll Up,1.39,170 Cal,170.0,170.0,https://tacobellmenu.org/taco-bells-cheesy-roll-up/,https://www.tacobell.com/food/specialties,2026-09-12/13
Quesadillas,Cantina Chicken Rolled Quesadilla,6.99,650 Cal,650.0,650.0,https://tacobellmenu.org/taco-bells-cantina-chicken-quesadilla/,https://www.tacobell.com/food/quesadillas,2026-09-12/13
Quesadillas,Chicken Quesadilla,5.89,490 Cal,490.0,490.0,https://tacobellmenu.org/chicken-quesadilla/,https://www.tacobell.com/food/quesadillas,2026-09-12/13
Quesadillas,Steak Quesadilla,6.39,500 Cal,500.0,500.0,https://tacobellmenu.org/steak-quesadilla/,https://www.tacobell.com/food/quesadillas,2026-09-12/13
Quesadillas,Cheese Quesadilla,5.49,440 Cal,440.0,440.0,https://tacobellmenu.org/cheese-quesadilla/,https://www.tacobell.com/food/quesadillas,2026-09-12/13
Nachos,Nachos BellGrande®,6.79,730 Cal,730.0,730.0,https://tacobellmenu.org/nachos-bellgrande/,https://www.tacobell.com/food/nachos,2026-09-12/13
Nachos,Chips and Nacho Supreme Dip,2.49,360 Cal,360.0,360.0,https://tacobellmenu.org/chips-and-nacho-supreme-dip/,https://www.tacobell.com/food/nachos,2026-09-12/13
Nachos,Chips and Guacamole,3.79,250 Cal,250.0,250.0,https://tacobellmenu.org/chips-and-guacamole/,https://www.tacobell.com/food/nachos,2026-09-12/13
Nachos,Chips and Nacho Cheese Sauce,2.99,220 Cal,220.0,220.0,https://tacobellmenu.org/chips-and-nacho-cheese-sauce/,https://www.tacobell.com/food/nachos,2026-09-12/13
Sides & Sweets,Large Nacho Fries,3.89,500 Cal,500.0,500.0,https://tacobellmenu.org/taco-bells-large-nacho-fries/,https://www.tacobell.com/food/snacks-sweets,2026-09-12/13
Sides & Sweets,Nacho Fries,2.89,350 Cal,350.0,350.0,https://tacobellmenu.org/taco-bells-nacho-fries/,https://www.tacobell.com/food/snacks-sweets,2026-09-12/13
Sides & Sweets,Crispy Chicken Strips 4pk,6.99,860 Cal,860.0,860.0,,https://www.tacobell.com/food/snacks-sweets,2026-09-12/13
Sides & Sweets,Jalapeño Citrus Salsa Sauce Packet,0.2,45 Cal,45.0,45.0,,https://www.tacobell.com/food/snacks-sweets,2026-09-12/13
Sides & Sweets,Cheesy Fiesta Potatoes,2.89,240 Cal,240.0,240.0,https://tacobellmenu.org/taco-bell-cheesy-fiesta-potatoes/,https://www.tacobell.com/food/snacks-sweets,2026-09-12/13
Sides & Sweets,Chips and Guacamole,3.79,250 Cal,250.0,250.0,https://tacobellmenu.org/chips-and-guacamole/,https://www.tacobell.com/food/snacks-sweets,2026-09-12/13
Sides & Sweets,Chips and Nacho Cheese Sauce,2.99,220 Cal,220.0,220.0,https://tacobellmenu.org/chips-and-nacho-cheese-sauce/,https://www.tacobell.com/food/snacks-sweets,2026-09-12/13
Sides & Sweets,Chili,1.0,60 Cal,60.0,60.0,,https://www.tacobell.com/food/snacks-sweets,2026-09-12/13
Sides & Sweets,Black Beans,2.59,50 Cal,50.0,50.0,https://tacobellmenu.org/black-beans/,https://www.tacobell.com/food/snacks-sweets,2026-09-12/13
Sides & Sweets,Black Beans and Rice,2.99,160 Cal,160.0,160.0,https://tacobellmenu.org/black-beans-and-rice/,https://www.tacobell.com/food/snacks-sweets,2026-09-12/13
Sides & Sweets,Pintos N Cheese,2.99,170 Cal,170.0,170.0,https://tacobellmenu.org/pintos-n-cheese/,https://www.tacobell.com/food/snacks-sweets,2026-09-12/13
Sides & Sweets,Cinnamon Twists,1.69,170 Cal,170.0,170.0,https://tacobellmenu.org/cinnamon-twists/,https://www.tacobell.com/food/snacks-sweets,2026-09-12/13
Sides & Sweets,Cinnabon Delights® 2 Pack,2.89,170 Cal,170.0,170.0,https://tacobellmenu.org/taco-bells-breakfast-cinnabon-delights2-pack/,https://www.tacobell.com/food/snacks-sweets,2026-09-12/13
Sides & Sweets,Cinnabon Delights® 12 Pack,7.39,1010 Cal,1010.0,1010.0,https://tacobellmenu.org/taco-bells-cinnabon-delights-12-pack/,https://www.tacobell.com/food/snacks-sweets,2026-09-12/13
Sides & Sweets,Avocado Verde Salsa Sauce Packet,0.29,50 Cal,50.0,50.0,https://tacobellmenu.org/taco-bells-avocado-verde-salsa-sauce-packet/,https://www.tacobell.com/food/snacks-sweets,2026-09-12/13
Sides & Sweets,Mild Sauce Packet,0.0,0 Cal,0.0,0.0,https://tacobellmenu.org/mild-sauce-packet/,https://www.tacobell.com/food/snacks-sweets,2026-09-12/13
Sides & Sweets,Hot Sauce Packet,0.0,0 Cal,0.0,0.0,https://tacobellmenu.org/hot-sauce-packet/,https://www.tacobell.com/food/snacks-sweets,2026-09-12/13
Sides & Sweets,Fire Sauce Packet,0.0,0 Cal,0.0,0.0,https://tacobellmenu.org/fire-sauce-packet/,https://www.tacobell.com/food/snacks-sweets,2026-09-12/13
Sides & Sweets,Diablo Sauce Packet,0.0,0 Cal,0.0,0.0,https://tacobellmenu.org/diablo-sauce-packet/,https://www.tacobell.com/food/snacks-sweets,2026-09-12/13
Sides & Sweets,Jalapeño Peppers,0.65,0 Cal,0.0,0.0,https://tacobellmenu.org/jalapeno-peppers/,https://www.tacobell.com/food/snacks-sweets,2026-09-12/13
Sides & Sweets,Chipotle Bacon,0.99,5 Cal,5.0,5.0,,https://www.tacobell.com/food/snacks-sweets,2026-09-12/13
Sides & Sweets,Onion and Cilantro Blend,0.5,5 Cal,5.0,5.0,,https://www.tacobell.com/food/snacks-sweets,2026-09-12/13
Sides & Sweets,Fajita Veggies,0.89,40 Cal,40.0,40.0,,https://www.tacobell.com/food/snacks-sweets,2026-09-12/13
Sides & Sweets,Pepper Jack Sauce,0.6,200 Cal,200.0,200.0,,https://www.tacobell.com/food/snacks-sweets,2026-09-12/13
Sides & Sweets,Nacho Cheese Sauce,1.29,60 Cal,60.0,60.0,https://tacobellmenu.org/nacho-cheese-sauce/,https://www.tacobell.com/food/snacks-sweets,2026-09-12/13
Sides & Sweets,Reduced-Fat Sour Cream,0.99,35 Cal,35.0,35.0,https://tacobellmenu.org/reduced-fat-sour-cream/,https://www.tacobell.com/food/snacks-sweets,2026-09-12/13
Sides & Sweets,Creamy Jalapeño Sauce,0.79,180 Cal,180.0,180.0,https://tacobellmenu.org/creamy-jalapeno-sauce/,https://www.tacobell.com/food/snacks-sweets,2026-09-12/13
Sides & Sweets,Guacamole,1.39,80 Cal,80.0,80.0,https://tacobellmenu.org/guacamole/,https://www.tacobell.com/food/snacks-sweets,2026-09-12/13
Sides & Sweets,Chipotle Sauce,0.79,200 Cal,200.0,200.0,https://tacobellmenu.org/chipotle-sauce/,https://www.tacobell.com/food/snacks-sweets,2026-09-12/13
Sides & Sweets,Avocado Ranch Sauce,0.79,220 Cal,220.0,220.0,https://tacobellmenu.org/avocado-ranch-sauce/,https://www.tacobell.com/food/snacks-sweets,2026-09-12/13
Sides & Sweets,Green Sauce,0.45,5 Cal,5.0,5.0,,https://www.tacobell.com/food/snacks-sweets,2026-09-12/13
Sides & Sweets,Spicy Ranch,0.79,200 Cal,200.0,200.0,https://tacobellmenu.org/spicy-ranch/,https://www.tacobell.com/food/snacks-sweets,2026-09-12/13
Sides & Sweets,Red Sauce,0.45,15 Cal,15.0,15.0,https://tacobellmenu.org/red-sauce/,https://www.tacobell.com/food/snacks-sweets,2026-09-12/13
Sides & Sweets,Mexican Pizza Sauce,0.3,15 Cal,15.0,15.0,https://tacobellmenu.org/mexican-pizza-sauce/,https://www.tacobell.com/food/snacks-sweets,2026-09-12/13
Drinks,Pineapple Freeze,4.19,190 Cal,190.0,190.0,,https://www.tacobell.com/food/drinks,2026-09-12/13
Drinks,MOUNTAIN DEW® BAJA BLAST® dirty soda,3.29,460 Cal,460.0,460.0,https://tacobellmenu.org/mountain-dew-baja-blast-dirty-soda/,https://www.tacobell.com/food/drinks,2026-09-12/13
Drinks,Dirty Soda with BAJA BLAST® Zero Sugar,3.29,60 Cal,60.0,60.0,https://tacobellmenu.org/dirty-soda-with-baja-blast-zero-sugar/,https://www.tacobell.com/food/drinks,2026-09-12/13
Drinks,MOUNTAIN DEW BAJA MIDNIGHT™ dirty soda,3.29,470 Cal,470.0,470.0,https://tacobellmenu.org/mountain-dew-baja-midnight-dirty-soda/,https://www.tacobell.com/food/drinks,2026-09-12/13
Drinks,PEPSI® dirty soda,3.29,430 Cal,430.0,430.0,https://tacobellmenu.org/pepsi-dirty-soda/,https://www.tacobell.com/food/drinks,2026-09-12/13
Drinks,TROPICANA® Original dirty lemonade,3.29,170 Cal,170.0,170.0,https://tacobellmenu.org/tropicana-original-dirty-lemonade/,https://www.tacobell.com/food/drinks,2026-09-12/13
Drinks,Mountain Dew Baja Midnight™,3.19,420 Cal,420.0,420.0,https://tacobellmenu.org/mountain-dew-baja-midnight/,https://www.tacobell.com/food/drinks,2026-09-12/13
Drinks,Strawberry Passionfruit Agua Refresca,3.89,170 Cal,170.0,170.0,https://tacobellmenu.org/strawberry-passionfruit-agua-refresca/,https://www.tacobell.com/food/drinks,2026-09-12/13
Drinks,Mango Peach Agua Refresca,3.89,170 Cal,170.0,170.0,https://tacobellmenu.org/mango-peach-agua-refresca/,https://www.tacobell.com/food/drinks,2026-09-12/13
Drinks,Dragonfruit Berry Agua Refresca,3.89,170 Cal,170.0,170.0,https://tacobellmenu.org/dragonfruit-berry-agua-refresca/,https://www.tacobell.com/food/drinks,2026-09-12/13
Drinks,Tropical Punch Rockstar® Energy Refresca,4.49,80 Cal,80.0,80.0,https://tacobellmenu.org/tropical-punch-rockstar-energy-refresca/,https://www.tacobell.com/food/drinks,2026-09-12/13
Drinks,Pineapple Lime Rockstar® Energy Refresca,4.49,50 Cal,50.0,50.0,https://tacobellmenu.org/pineapple-lime-rockstar-energy-refresca/,https://www.tacobell.com/food/drinks,2026-09-12/13
Drinks,Wild Strawberry Freeze,4.19,0 Cal,0.0,0.0,,https://www.tacobell.com/food/drinks,2026-09-12/13
Drinks,Pepsi®,3.19,380 Cal,380.0,380.0,https://tacobellmenu.org/pepsi/,https://www.tacobell.com/food/drinks,2026-09-12/13
Drinks,Diet Pepsi®,3.19,0 Cal,0.0,0.0,https://tacobellmenu.org/diet-pepsi/,https://www.tacobell.com/food/drinks,2026-09-12/13
Drinks,Pepsi® Zero Sugar,3.19,0 Cal,0.0,0.0,https://tacobellmenu.org/pepsi-zero-sugar/,https://www.tacobell.com/food/drinks,2026-09-12/13
Drinks,Cherry Pepsi®,3.19,390 Cal,390.0,390.0,https://tacobellmenu.org/cherry-pepsi/,https://www.tacobell.com/food/drinks,2026-09-12/13
Drinks,MTN DEW®,3.19,420 Cal,420.0,420.0,https://tacobellmenu.org/mtn-dew/,https://www.tacobell.com/food/drinks,2026-09-12/13
Drinks,MTN DEW® Zero,3.19,5 Cal,5.0,5.0,https://tacobellmenu.org/mtn-dew-zero/,https://www.tacobell.com/food/drinks,2026-09-12/13
Drinks,MTN DEW® Baja Blast®,3.19,420 Cal,420.0,420.0,https://tacobellmenu.org/mtn-dew-baja-blast/,https://www.tacobell.com/food/drinks,2026-09-12/13
Drinks,MTN DEW® Baja Blast™ Zero Sugar,3.19,15 Cal,15.0,15.0,https://tacobellmenu.org/mtn-dew-baja-blast-zero-sugar/,https://www.tacobell.com/food/drinks,2026-09-12/13
Drinks,Mug® Root Beer,3.19,360 Cal,360.0,360.0,https://tacobellmenu.org/mug-root-beer/,https://www.tacobell.com/food/drinks,2026-09-12/13
Drinks,Starry®,3.19,370 Cal,370.0,370.0,https://tacobellmenu.org/starry/,https://www.tacobell.com/food/drinks,2026-09-12/13
Drinks,G2 Gatorade® Fruit Punch,3.19,80 Cal,80.0,80.0,https://tacobellmenu.org/g2-gatorade-fruit-punch/,https://www.tacobell.com/food/drinks,2026-09-12/13
Drinks,Tropicana® Original Lemonade,3.19,120 Cal,120.0,120.0,https://tacobellmenu.org/tropicana-original-lemonade/,https://www.tacobell.com/food/drinks,2026-09-12/13
Drinks,Brisk® Mango Fiesta,3.19,170 Cal,170.0,170.0,https://tacobellmenu.org/brisk-mango-fiesta/,https://www.tacobell.com/food/drinks,2026-09-12/13
Drinks,Lipton® Unsweetened Iced Tea,3.19,0 Cal,0.0,0.0,https://tacobellmenu.org/lipton-unsweetened-iced-tea/,https://www.tacobell.com/food/drinks,2026-09-12/13
Drinks,Tropicana® Orange Juice,2.29,140 Cal,140.0,140.0,https://tacobellmenu.org/tropicana-orange-juice/,https://www.tacobell.com/food/drinks,2026-09-12/13
Drinks,Premium Hot Coffee,2.39,0 Cal,0.0,0.0,https://tacobellmenu.org/taco-bells-premium-hot-coffee/,https://www.tacobell.com/food/drinks,2026-09-12/13
Drinks,Hot Cinnabon Delights® Coffee,2.89,160 Cal,160.0,160.0,https://tacobellmenu.org/taco-bells-hot-cinnabon-delightscoffee/,https://www.tacobell.com/food/drinks,2026-09-12/13
Drinks,Regular Iced Coffee,2.19,0 Cal,0.0,0.0,https://tacobellmenu.org/taco-bells-regular-iced-coffee/,https://www.tacobell.com/food/drinks,2026-09-12/13
Drinks,Iced Cinnabon Delights® Coffee,2.89,160 Cal,160.0,160.0,https://tacobellmenu.org/taco-bells-iced-cinnabon-delights-coffee/,https://www.tacobell.com/food/drinks,2026-09-12/13
Drinks,Drinks Party Pack,4.39,0-1120 Cal Per Item,0.0,1120.0,https://tacobellmenu.org/taco-bells-drinks-party-pack/,https://www.tacobell.com/food/drinks,2026-09-12/13
Groups & Party Packs,Meal for 2,12.99,180-530 Cal Per Item,180.0,530.0,,https://www.tacobell.com/food/party-packs,2026-09-12/13
Groups & Party Packs,Meal for 4,21.39,180-530 Cal Per Item,180.0,530.0,,https://www.tacobell.com/food/party-packs,2026-09-12/13
Groups & Party Packs,Veggie Meal for 2,12.99,220-440 Cal Per Item,220.0,440.0,,https://www.tacobell.com/food/party-packs,2026-09-12/13
Groups & Party Packs,Taco & Burrito Cravings Pack,15.99,170-490 Cal Per Item,170.0,490.0,https://tacobellmenu.org/taco-burrito-cravings-pack/,https://www.tacobell.com/food/party-packs,2026-09-12/13
Groups & Party Packs,Taco Party Pack,20.99,170 Cal Per Item,170.0,170.0,https://tacobellmenu.org/taco-party-pack/,https://www.tacobell.com/food/party-packs,2026-09-12/13
Groups & Party Packs,Supreme Taco Party Pack,26.49,190 Cal Per Item,190.0,190.0,https://tacobellmenu.org/supreme-taco-party-pack/,https://www.tacobell.com/food/party-packs,2026-09-12/13
Groups & Party Packs,Soft Taco Party Pack,20.99,180 Cal Per Item,180.0,180.0,https://tacobellmenu.org/soft-taco-party-pack/,https://www.tacobell.com/food/party-packs,2026-09-12/13
Groups & Party Packs,Supreme Soft Taco Party Pack,26.49,200 Cal Per Item,200.0,200.0,https://tacobellmenu.org/supreme-soft-taco-party-pack/,https://www.tacobell.com/food/party-packs,2026-09-12/13
Groups & Party Packs,Variety Taco Party Pack,23.49,170 Cal Per Item,170.0,170.0,,https://www.tacobell.com/food/party-packs,2026-09-12/13
Groups & Party Packs,Supreme Variety Taco Party Pack,28.49,190 Cal Per Item,190.0,190.0,,https://www.tacobell.com/food/party-packs,2026-09-12/13
Groups & Party Packs,Drinks Party Pack,4.39,0-1120 Cal Per Item,0.0,1120.0,https://tacobellmenu.org/taco-bells-drinks-party-pack/,https://www.tacobell.com/food/party-packs,2026-09-12/13
Bowls,Cantina Chicken Bowl,8.39,530 Cal,530.0,530.0,https://tacobellmenu.org/taco-bells-cantina-chicken-bowl/,https://www.tacobell.com/food/bowls,2026-09-12/13
Bowls,Veggie Bowl,7.89,420 Cal,420.0,420.0,https://tacobellmenu.org/veggie-bowl/,https://www.tacobell.com/food/bowls,2026-09-12/13
Breakfast,Cheesy Toasted Breakfast Burrito Bacon,2.19,350 Cal,350.0,350.0,https://tacobellmenu.org/taco-bell-cheesy-toasted-breakfast-burrito-bacon/,https://www.tacobell.com/food/breakfast,2026-09-12/13
Breakfast,Cheesy Toasted Breakfast Burrito Sausage,2.19,350 Cal,350.0,350.0,https://tacobellmenu.org/cheesy-toasted-breakfast-burrito-suasage/,https://www.tacobell.com/food/breakfast,2026-09-12/13
Breakfast,Cheesy Toasted Breakfast Burrito Potato,1.99,340 Cal,340.0,340.0,https://tacobellmenu.org/cheesy-toasted-breakfast-burrito-potato/,https://www.tacobell.com/food/breakfast,2026-09-12/13
Breakfast,Grande Toasted Breakfast Burrito Steak,4.99,560 Cal,560.0,560.0,https://tacobellmenu.org/grande-toasted-breakfast-burrito-steak/,https://www.tacobell.com/food/breakfast,2026-09-12/13
Breakfast,Grande Toasted Breakfast Burrito Sausage,4.89,570 Cal,570.0,570.0,https://tacobellmenu.org/grande-toasted-breakfast-burrito-sausage/,https://www.tacobell.com/food/breakfast,2026-09-12/13
Breakfast,Grande Toasted Breakfast Burrito Bacon,4.89,570 Cal,570.0,570.0,https://tacobellmenu.org/grande-toasted-breakfast-burrito-bacon/,https://www.tacobell.com/food/breakfast,2026-09-12/13
Breakfast,Grande Toasted Breakfast Burrito Combo,7.79,730-1010 Cal,730.0,1010.0,https://tacobellmenu.org/grande-toasted-breakfast-burrito-combos/,https://www.tacobell.com/food/breakfast,2026-09-12/13
Breakfast,Breakfast Quesadilla Sausage,4.49,500 Cal,500.0,500.0,,https://www.tacobell.com/food/breakfast,2026-09-12/13
Breakfast,Breakfast Quesadilla Bacon,4.49,500 Cal,500.0,500.0,https://tacobellmenu.org/breakfast-quesadilla-bacon/,https://www.tacobell.com/food/breakfast,2026-09-12/13
Breakfast,Breakfast Quesadilla Steak,4.79,500 Cal,500.0,500.0,https://tacobellmenu.org/breakfast-quesadilla-steak/,https://www.tacobell.com/food/breakfast,2026-09-12/13
Breakfast,Breakfast Quesadilla Combo,6.79,670-950 Cal,670.0,950.0,,https://www.tacobell.com/food/breakfast,2026-09-12/13
Breakfast,Breakfast California Crunchwrap,5.19,640 Cal,640.0,640.0,https://tacobellmenu.org/breakfast-california-crunchwrap/,https://www.tacobell.com/food/breakfast,2026-09-12/13
Breakfast,Breakfast Crunchwrap Bacon,4.99,660 Cal,660.0,660.0,https://tacobellmenu.org/breakfast-crunchwrap-bacon/,https://www.tacobell.com/food/breakfast,2026-09-12/13
Breakfast,Breakfast Crunchwrap Sausage,4.99,740 Cal,740.0,740.0,https://tacobellmenu.org/taco-bells-breakfast-crunchwrap-sausage/,https://www.tacobell.com/food/breakfast,2026-09-12/13
Breakfast,Breakfast Crunchwrap Combo,7.99,830-1110 Cal,830.0,1110.0,https://tacobellmenu.org/taco-bells-breakfast-crunchwrap-combo/,https://www.tacobell.com/food/breakfast,2026-09-12/13
Breakfast,Hash Brown,1.99,170 Cal,170.0,170.0,https://tacobellmenu.org/taco-bells-hash-brown/,https://www.tacobell.com/food/breakfast,2026-09-12/13
Breakfast,Cinnabon Delights® 2 Pack,2.89,170 Cal,170.0,170.0,https://tacobellmenu.org/taco-bells-breakfast-cinnabon-delights2-pack/,https://www.tacobell.com/food/breakfast,2026-09-12/13
Breakfast,Cinnabon Delights® 12 Pack,7.39,1010 Cal,1010.0,1010.0,https://tacobellmenu.org/taco-bells-cinnabon-delights-12-pack/,https://www.tacobell.com/food/breakfast,2026-09-12/13
Breakfast,Premium Hot Coffee,2.39,0 Cal,0.0,0.0,https://tacobellmenu.org/taco-bells-premium-hot-coffee/,https://www.tacobell.com/food/breakfast,2026-09-12/13
Breakfast,Hot Cinnabon Delights® Coffee,2.89,160 Cal,160.0,160.0,https://tacobellmenu.org/taco-bells-hot-cinnabon-delightscoffee/,https://www.tacobell.com/food/breakfast,2026-09-12/13
Breakfast,Regular Iced Coffee,2.19,0 Cal,0.0,0.0,https://tacobellmenu.org/taco-bells-regular-iced-coffee/,https://www.tacobell.com/food/breakfast,2026-09-12/13
Breakfast,Iced Cinnabon Delights® Coffee,2.89,160 Cal,160.0,160.0,https://tacobellmenu.org/taco-bells-iced-cinnabon-delights-coffee/,https://www.tacobell.com/food/breakfast,2026-09-12/13
Breakfast,Breakfast Salsa,0.0,0 Cal,0.0,0.0,https://tacobellmenu.org/taco-bells-breakfast-salsa/,https://www.tacobell.com/food/breakfast,2026-09-12/13
Burritos,Chipotle Chicken Loaded Griller,2.79,450 Cal,450.0,450.0,,https://www.tacobell.com/food/burritos,2026-09-12/13
Burritos,Quesarito,4.99,610 Cal,610.0,610.0,,https://www.tacobell.com/food/burritos,2026-09-12/13
Burritos,Beefy Crunch Burrito,2.79,450 Cal,450.0,450.0,,https://www.tacobell.com/food/burritos,2026-09-12/13
Burritos,Melty Pepper Jack Steak Burrito,3.0,440 Cal,440.0,440.0,,https://www.tacobell.com/food/burritos,2026-09-12/13
Burritos,Fresca Pepper Jack Steak Burrito,3.0,500 Cal,500.0,500.0,,https://www.tacobell.com/food/burritos,2026-09-12/13
Burritos,Beefy Potato Loaded Griller,2.79,480 Cal,480.0,480.0,https://tacobellmenu.org/beefy-potato-loaded-griller/,https://www.tacobell.com/food/burritos,2026-09-12/13
Burritos,Chili Cheese Burrito,2.99,380 Cal,380.0,380.0,,https://www.tacobell.com/food/burritos,2026-09-12/13
Burritos,Cantina Chicken Burrito,6.29,570 Cal,570.0,570.0,https://tacobellmenu.org/taco-bells-cantina-chicken-burrito/,https://www.tacobell.com/food/burritos,2026-09-12/13
Burritos,Cheesy Double Beef Burrito,2.99,560 Cal,560.0,560.0,https://tacobellmenu.org/taco-bell-cheesy-double-beef-burrito/,https://www.tacobell.com/food/burritos,2026-09-12/13
Burritos,Grilled Cheese Burrito,5.69,690 Cal,690.0,690.0,https://tacobellmenu.org/taco-bell-grilled-cheese-burrito/,https://www.tacobell.com/food/burritos,2026-09-12/13
Burritos,Black Bean Grilled Cheese Burrito - Black Beans,5.19,680 Cal,680.0,680.0,https://tacobellmenu.org/grilled-cheese-burrito-black-beans/,https://www.tacobell.com/food/burritos,2026-09-12/13
Burritos,Bean Burrito,1.99,360 Cal,360.0,360.0,https://tacobellmenu.org/bean-burrito/,https://www.tacobell.com/food/burritos,2026-09-12/13
Burritos,Beefy 5-Layer Burrito,4.19,490 Cal,490.0,490.0,https://tacobellmenu.org/beefy-5-layer-burrito/,https://www.tacobell.com/food/burritos,2026-09-12/13
Burritos,Burrito Supreme®,5.69,390 Cal,390.0,390.0,https://tacobellmenu.org/burrito-supreme/,https://www.tacobell.com/food/burritos,2026-09-12/13
Burritos,Cheesy Bean and Rice Burrito,1.49,400 Cal,400.0,400.0,https://tacobellmenu.org/taco-bells-cheesy-bean-and-rice-burrito/,https://www.tacobell.com/food/burritos,2026-09-12/13
